Exception_ID,Rule_ID,Record_ID,Severity,Description,Owner,Status,Identified_Date,Resolution_Date
EX-00001,DQ-01,APL-2026-005729,High,"Duplicate Appeal_ID in case management export, typically a reopened case written as a new row. First occurrence retained.",Data Steward,Open,2026-06-30,
EX-00002,DQ-01,APL-2026-002207,High,"Duplicate Appeal_ID in case management export, typically a reopened case written as a new row. First occurrence retained.",Data Steward,Open,2026-06-30,
EX-00003,DQ-01,APL-2026-002800,High,"Duplicate Appeal_ID in case management export, typically a reopened case written as a new row. First occurrence retained.",Data Steward,Open,2026-06-30,
EX-00004,DQ-01,APL-2026-002205,High,"Duplicate Appeal_ID in case management export, typically a reopened case written as a new row. First occurrence retained.",Data Steward,Open,2026-06-30,
EX-00005,DQ-01,APL-2026-002146,High,"Duplicate Appeal_ID in case management export, typically a reopened case written as a new row. First occurrence retained.",Data Steward,Open,2026-06-30,
EX-00006,DQ-01,APL-2026-000556,High,"Duplicate Appeal_ID in case management export, typically a reopened case written as a new row. First occurrence retained.",Data Steward,Open,2026-06-30,
EX-00007,DQ-01,APL-2026-004244,High,"Duplicate Appeal_ID in case management export, typically a reopened case written as a new row. First occurrence retained.",Data Steward,Open,2026-06-30,
EX-00008,DQ-01,APL-2026-003075,High,"Duplicate Appeal_ID in case management export, typically a reopened case written as a new row. First occurrence retained.",Data Steward,Open,2026-06-30,
EX-00009,DQ-01,APL-2026-001047,High,"Duplicate Appeal_ID in case management export, typically a reopened case written as a new row. First occurrence retained.",Data Steward,Open,2026-06-30,
EX-00010,DQ-01,APL-2026-002007,High,"Duplicate Appeal_ID in case management export, typically a reopened case written as a new row. First occurrence retained.",Data Steward,Open,2026-06-30,
EX-00011,DQ-01,APL-2026-002062,High,"Duplicate Appeal_ID in case management export, typically a reopened case written as a new row. First occurrence retained.",Data Steward,Open,2026-06-30,
EX-00012,DQ-01,APL-2026-003887,High,"Duplicate Appeal_ID in case management export, typically a reopened case written as a new row. First occurrence retained.",Data Steward,Open,2026-06-30,
EX-00013,DQ-01,APL-2026-003450,High,"Duplicate Appeal_ID in case management export, typically a reopened case written as a new row. First occurrence retained.",Data Steward,Open,2026-06-30,
EX-00014,DQ-01,APL-2026-002611,High,"Duplicate Appeal_ID in case management export, typically a reopened case written as a new row. First occurrence retained.",Data Steward,Open,2026-06-30,
EX-00015,DQ-01,APL-2026-004410,High,"Duplicate Appeal_ID in case management export, typically a reopened case written as a new row. First occurrence retained.",Data Steward,Open,2026-06-30,
EX-00016,DQ-01,APL-2026-001439,High,"Duplicate Appeal_ID in case management export, typically a reopened case written as a new row. First occurrence retained.",Data Steward,Open,2026-06-30,
EX-00017,DQ-01,APL-2026-005075,High,"Duplicate Appeal_ID in case management export, typically a reopened case written as a new row. First occurrence retained.",Data Steward,Open,2026-06-30,
EX-00018,DQ-01,APL-2026-000673,High,"Duplicate Appeal_ID in case management export, typically a reopened case written as a new row. First occurrence retained.",Data Steward,Open,2026-06-30,
EX-00019,DQ-01,APL-2026-003348,High,"Duplicate Appeal_ID in case management export, typically a reopened case written as a new row. First occurrence retained.",Data Steward,Open,2026-06-30,
EX-00020,DQ-01,APL-2026-004615,High,"Duplicate Appeal_ID in case management export, typically a reopened case written as a new row. First occurrence retained.",Data Steward,Open,2026-06-30,
EX-00021,DQ-01,APL-2026-001678,High,"Duplicate Appeal_ID in case management export, typically a reopened case written as a new row. First occurrence retained.",Data Steward,Open,2026-06-30,
EX-00022,DQ-01,APL-2026-005501,High,"Duplicate Appeal_ID in case management export, typically a reopened case written as a new row. First occurrence retained.",Data Steward,Open,2026-06-30,
EX-00023,DQ-01,APL-2026-005736,High,"Duplicate Appeal_ID in case management export, typically a reopened case written as a new row. First occurrence retained.",Data Steward,Open,2026-06-30,
EX-00024,DQ-01,APL-2026-003989,High,"Duplicate Appeal_ID in case management export, typically a reopened case written as a new row. First occurrence retained.",Data Steward,Open,2026-06-30,
EX-00025,DQ-01,APL-2026-001375,High,"Duplicate Appeal_ID in case management export, typically a reopened case written as a new row. First occurrence retained.",Data Steward,Open,2026-06-30,
EX-00026,DQ-01,APL-2026-002641,High,"Duplicate Appeal_ID in case management export, typically a reopened case written as a new row. First occurrence retained.",Data Steward,Open,2026-06-30,
EX-00027,DQ-01,APL-2026-005279,High,"Duplicate Appeal_ID in case management export, typically a reopened case written as a new row. First occurrence retained.",Data Steward,Open,2026-06-30,
EX-00028,DQ-01,APL-2026-001570,High,"Duplicate Appeal_ID in case management export, typically a reopened case written as a new row. First occurrence retained.",Data Steward,Open,2026-06-30,
EX-00029,DQ-01,APL-2026-000513,High,"Duplicate Appeal_ID in case management export, typically a reopened case written as a new row. First occurrence retained.",Data Steward,Open,2026-06-30,
EX-00030,DQ-01,APL-2026-003087,High,"Duplicate Appeal_ID in case management export, typically a reopened case written as a new row. First occurrence retained.",Data Steward,Open,2026-06-30,
EX-00031,DQ-01,APL-2026-002589,High,"Duplicate Appeal_ID in case management export, typically a reopened case written as a new row. First occurrence retained.",Data Steward,Open,2026-06-30,
EX-00032,DQ-01,APL-2026-003189,High,"Duplicate Appeal_ID in case management export, typically a reopened case written as a new row. First occurrence retained.",Data Steward,Open,2026-06-30,
EX-00033,DQ-01,APL-2026-002921,High,"Duplicate Appeal_ID in case management export, typically a reopened case written as a new row. First occurrence retained.",Data Steward,Open,2026-06-30,
EX-00034,DQ-01,APL-2026-003200,High,"Duplicate Appeal_ID in case management export, typically a reopened case written as a new row. First occurrence retained.",Data Steward,Open,2026-06-30,
EX-00035,DQ-01,APL-2026-003339,High,"Duplicate Appeal_ID in case management export, typically a reopened case written as a new row. First occurrence retained.",Data Steward,Open,2026-06-30,
EX-00036,DQ-01,APL-2026-003492,High,"Duplicate Appeal_ID in case management export, typically a reopened case written as a new row. First occurrence retained.",Data Steward,Open,2026-06-30,
EX-00037,DQ-01,APL-2026-004625,High,"Duplicate Appeal_ID in case management export, typically a reopened case written as a new row. First occurrence retained.",Data Steward,Open,2026-06-30,
EX-00038,DQ-01,APL-2026-004673,High,"Duplicate Appeal_ID in case management export, typically a reopened case written as a new row. First occurrence retained.",Data Steward,Open,2026-06-30,
EX-00039,DQ-01,APL-2026-004134,High,"Duplicate Appeal_ID in case management export, typically a reopened case written as a new row. First occurrence retained.",Data Steward,Open,2026-06-30,
EX-00040,DQ-01,APL-2026-004867,High,"Duplicate Appeal_ID in case management export, typically a reopened case written as a new row. First occurrence retained.",Data Steward,Open,2026-06-30,
EX-00041,DQ-01,APL-2026-005363,High,"Duplicate Appeal_ID in case management export, typically a reopened case written as a new row. First occurrence retained.",Data Steward,Open,2026-06-30,
EX-00042,DQ-01,APL-2026-004194,High,"Duplicate Appeal_ID in case management export, typically a reopened case written as a new row. First occurrence retained.",Data Steward,Open,2026-06-30,
EX-00043,DQ-01,APL-2026-003312,High,"Duplicate Appeal_ID in case management export, typically a reopened case written as a new row. First occurrence retained.",Data Steward,Open,2026-06-30,
EX-00044,DQ-01,APL-2026-002938,High,"Duplicate Appeal_ID in case management export, typically a reopened case written as a new row. First occurrence retained.",Data Steward,Open,2026-06-30,
EX-00045,DQ-01,APL-2026-003956,High,"Duplicate Appeal_ID in case management export, typically a reopened case written as a new row. First occurrence retained.",Data Steward,Open,2026-06-30,
EX-00046,DQ-01,APL-2026-005419,High,"Duplicate Appeal_ID in case management export, typically a reopened case written as a new row. First occurrence retained.",Data Steward,Open,2026-06-30,
EX-00047,DQ-01,APL-2026-001528,High,"Duplicate Appeal_ID in case management export, typically a reopened case written as a new row. First occurrence retained.",Data Steward,Open,2026-06-30,
EX-00048,DQ-01,APL-2026-005264,High,"Duplicate Appeal_ID in case management export, typically a reopened case written as a new row. First occurrence retained.",Data Steward,Open,2026-06-30,
EX-00049,DQ-01,APL-2026-005527,High,"Duplicate Appeal_ID in case management export, typically a reopened case written as a new row. First occurrence retained.",Data Steward,Open,2026-06-30,
EX-00050,DQ-01,APL-2026-005201,High,"Duplicate Appeal_ID in case management export, typically a reopened case written as a new row. First occurrence retained.",Data Steward,Open,2026-06-30,
EX-00051,DQ-01,APL-2026-002039,High,"Duplicate Appeal_ID in case management export, typically a reopened case written as a new row. First occurrence retained.",Data Steward,Open,2026-06-30,
EX-00052,DQ-01,APL-2026-002948,High,"Duplicate Appeal_ID in case management export, typically a reopened case written as a new row. First occurrence retained.",Data Steward,Open,2026-06-30,
EX-00053,DQ-01,APL-2026-003298,High,"Duplicate Appeal_ID in case management export, typically a reopened case written as a new row. First occurrence retained.",Data Steward,Open,2026-06-30,
EX-00054,DQ-01,APL-2026-002695,High,"Duplicate Appeal_ID in case management export, typically a reopened case written as a new row. First occurrence retained.",Data Steward,Open,2026-06-30,
EX-00055,DQ-01,APL-2026-004547,High,"Duplicate Appeal_ID in case management export, typically a reopened case written as a new row. First occurrence retained.",Data Steward,Open,2026-06-30,
EX-00056,DQ-01,APL-2026-002025,High,"Duplicate Appeal_ID in case management export, typically a reopened case written as a new row. First occurrence retained.",Data Steward,Open,2026-06-30,
EX-00057,DQ-01,APL-2026-003395,High,"Duplicate Appeal_ID in case management export, typically a reopened case written as a new row. First occurrence retained.",Data Steward,Open,2026-06-30,
EX-00058,DQ-01,APL-2026-000757,High,"Duplicate Appeal_ID in case management export, typically a reopened case written as a new row. First occurrence retained.",Data Steward,Open,2026-06-30,
EX-00059,DQ-02,APL-2026-005841,High,Appeal present in case management but missing from workflow tracker; routing and rework fields cannot be populated.,Data Steward,Open,2026-06-30,
EX-00060,DQ-02,APL-2026-000031,High,Appeal present in case management but missing from workflow tracker; routing and rework fields cannot be populated.,Data Steward,Open,2026-06-30,
EX-00061,DQ-02,APL-2026-000876,High,Appeal present in case management but missing from workflow tracker; routing and rework fields cannot be populated.,Data Steward,Open,2026-06-30,
EX-00062,DQ-02,APL-2026-000816,High,Appeal present in case management but missing from workflow tracker; routing and rework fields cannot be populated.,Data Steward,Open,2026-06-30,
EX-00063,DQ-02,APL-2026-005611,High,Appeal present in case management but missing from workflow tracker; routing and rework fields cannot be populated.,Data Steward,Open,2026-06-30,
EX-00064,DQ-02,APL-2026-001283,High,Appeal present in case management but missing from workflow tracker; routing and rework fields cannot be populated.,Data Steward,Open,2026-06-30,
EX-00065,DQ-02,APL-2026-004877,High,Appeal present in case management but missing from workflow tracker; routing and rework fields cannot be populated.,Data Steward,Open,2026-06-30,
EX-00066,DQ-02,APL-2026-002403,High,Appeal present in case management but missing from workflow tracker; routing and rework fields cannot be populated.,Data Steward,Open,2026-06-30,
EX-00067,DQ-02,APL-2026-003277,High,Appeal present in case management but missing from workflow tracker; routing and rework fields cannot be populated.,Data Steward,Open,2026-06-30,
EX-00068,DQ-02,APL-2026-004365,High,Appeal present in case management but missing from workflow tracker; routing and rework fields cannot be populated.,Data Steward,Open,2026-06-30,
EX-00069,DQ-02,APL-2026-001171,High,Appeal present in case management but missing from workflow tracker; routing and rework fields cannot be populated.,Data Steward,Open,2026-06-30,
EX-00070,DQ-02,APL-2026-001886,High,Appeal present in case management but missing from workflow tracker; routing and rework fields cannot be populated.,Data Steward,Open,2026-06-30,
EX-00071,DQ-02,APL-2026-005699,High,Appeal present in case management but missing from workflow tracker; routing and rework fields cannot be populated.,Data Steward,Open,2026-06-30,
EX-00072,DQ-02,APL-2026-001868,High,Appeal present in case management but missing from workflow tracker; routing and rework fields cannot be populated.,Data Steward,Open,2026-06-30,
EX-00073,DQ-02,APL-2026-005184,High,Appeal present in case management but missing from workflow tracker; routing and rework fields cannot be populated.,Data Steward,Open,2026-06-30,
EX-00074,DQ-02,APL-2026-001073,High,Appeal present in case management but missing from workflow tracker; routing and rework fields cannot be populated.,Data Steward,Open,2026-06-30,
EX-00075,DQ-02,APL-2026-004162,High,Appeal present in case management but missing from workflow tracker; routing and rework fields cannot be populated.,Data Steward,Open,2026-06-30,
EX-00076,DQ-02,APL-2026-001805,High,Appeal present in case management but missing from workflow tracker; routing and rework fields cannot be populated.,Data Steward,Open,2026-06-30,
EX-00077,DQ-02,APL-2026-004138,High,Appeal present in case management but missing from workflow tracker; routing and rework fields cannot be populated.,Data Steward,Open,2026-06-30,
EX-00078,DQ-02,APL-2026-005797,High,Appeal present in case management but missing from workflow tracker; routing and rework fields cannot be populated.,Data Steward,Open,2026-06-30,
EX-00079,DQ-02,APL-2026-002036,High,Appeal present in case management but missing from workflow tracker; routing and rework fields cannot be populated.,Data Steward,Open,2026-06-30,
EX-00080,DQ-02,APL-2026-000192,High,Appeal present in case management but missing from workflow tracker; routing and rework fields cannot be populated.,Data Steward,Open,2026-06-30,
EX-00081,DQ-02,APL-2026-001554,High,Appeal present in case management but missing from workflow tracker; routing and rework fields cannot be populated.,Data Steward,Open,2026-06-30,
EX-00082,DQ-02,APL-2026-000262,High,Appeal present in case management but missing from workflow tracker; routing and rework fields cannot be populated.,Data Steward,Open,2026-06-30,
EX-00083,DQ-02,APL-2026-004895,High,Appeal present in case management but missing from workflow tracker; routing and rework fields cannot be populated.,Data Steward,Open,2026-06-30,
EX-00084,DQ-02,APL-2026-003088,High,Appeal present in case management but missing from workflow tracker; routing and rework fields cannot be populated.,Data Steward,Open,2026-06-30,
EX-00085,DQ-02,APL-2026-003262,High,Appeal present in case management but missing from workflow tracker; routing and rework fields cannot be populated.,Data Steward,Open,2026-06-30,
EX-00086,DQ-02,APL-2026-004598,High,Appeal present in case management but missing from workflow tracker; routing and rework fields cannot be populated.,Data Steward,Open,2026-06-30,
EX-00087,DQ-02,APL-2026-001985,High,Appeal present in case management but missing from workflow tracker; routing and rework fields cannot be populated.,Data Steward,Open,2026-06-30,
EX-00088,DQ-02,APL-2026-004746,High,Appeal present in case management but missing from workflow tracker; routing and rework fields cannot be populated.,Data Steward,Open,2026-06-30,
EX-00089,DQ-02,APL-2026-005032,High,Appeal present in case management but missing from workflow tracker; routing and rework fields cannot be populated.,Data Steward,Open,2026-06-30,
EX-00090,DQ-02,APL-2026-002657,High,Appeal present in case management but missing from workflow tracker; routing and rework fields cannot be populated.,Data Steward,Open,2026-06-30,
EX-00091,DQ-02,APL-2026-003087,High,Appeal present in case management but missing from workflow tracker; routing and rework fields cannot be populated.,Data Steward,Open,2026-06-30,
EX-00092,DQ-02,APL-2026-002031,High,Appeal present in case management but missing from workflow tracker; routing and rework fields cannot be populated.,Data Steward,Open,2026-06-30,
EX-00093,DQ-02,APL-2026-003403,High,Appeal present in case management but missing from workflow tracker; routing and rework fields cannot be populated.,Data Steward,Open,2026-06-30,
EX-00094,DQ-02,APL-2026-003689,High,Appeal present in case management but missing from workflow tracker; routing and rework fields cannot be populated.,Data Steward,Open,2026-06-30,
EX-00095,DQ-02,APL-2026-001564,High,Appeal present in case management but missing from workflow tracker; routing and rework fields cannot be populated.,Data Steward,Open,2026-06-30,
EX-00096,DQ-02,APL-2026-003874,High,Appeal present in case management but missing from workflow tracker; routing and rework fields cannot be populated.,Data Steward,Open,2026-06-30,
EX-00097,DQ-02,APL-2026-005749,High,Appeal present in case management but missing from workflow tracker; routing and rework fields cannot be populated.,Data Steward,Open,2026-06-30,
EX-00098,DQ-02,APL-2026-005435,High,Appeal present in case management but missing from workflow tracker; routing and rework fields cannot be populated.,Data Steward,Open,2026-06-30,
EX-00099,DQ-02,APL-2026-004545,High,Appeal present in case management but missing from workflow tracker; routing and rework fields cannot be populated.,Data Steward,Open,2026-06-30,
EX-00100,DQ-02,APL-2026-000154,High,Appeal present in case management but missing from workflow tracker; routing and rework fields cannot be populated.,Data Steward,Open,2026-06-30,
EX-00101,DQ-02,APL-2026-000048,High,Appeal present in case management but missing from workflow tracker; routing and rework fields cannot be populated.,Data Steward,Open,2026-06-30,
EX-00102,DQ-02,APL-2026-004033,High,Appeal present in case management but missing from workflow tracker; routing and rework fields cannot be populated.,Data Steward,Open,2026-06-30,
EX-00103,DQ-02,APL-2026-000337,High,Appeal present in case management but missing from workflow tracker; routing and rework fields cannot be populated.,Data Steward,Open,2026-06-30,
EX-00104,DQ-02,APL-2026-001617,High,Appeal present in case management but missing from workflow tracker; routing and rework fields cannot be populated.,Data Steward,Open,2026-06-30,
EX-00105,DQ-02,APL-2026-003995,High,Appeal present in case management but missing from workflow tracker; routing and rework fields cannot be populated.,Data Steward,Open,2026-06-30,
EX-00106,DQ-02,APL-2026-002298,High,Appeal present in case management but missing from workflow tracker; routing and rework fields cannot be populated.,Data Steward,Open,2026-06-30,
EX-00107,DQ-02,APL-2026-005620,High,Appeal present in case management but missing from workflow tracker; routing and rework fields cannot be populated.,Data Steward,Open,2026-06-30,
EX-00108,DQ-02,APL-2026-004907,High,Appeal present in case management but missing from workflow tracker; routing and rework fields cannot be populated.,Data Steward,Open,2026-06-30,
EX-00109,DQ-02,APL-2026-004798,High,Appeal present in case management but missing from workflow tracker; routing and rework fields cannot be populated.,Data Steward,Open,2026-06-30,
EX-00110,DQ-02,APL-2026-005549,High,Appeal present in case management but missing from workflow tracker; routing and rework fields cannot be populated.,Data Steward,Open,2026-06-30,
EX-00111,DQ-02,APL-2026-003625,High,Appeal present in case management but missing from workflow tracker; routing and rework fields cannot be populated.,Data Steward,Open,2026-06-30,
EX-00112,DQ-02,APL-2026-001184,High,Appeal present in case management but missing from workflow tracker; routing and rework fields cannot be populated.,Data Steward,Open,2026-06-30,
EX-00113,DQ-02,APL-2026-000542,High,Appeal present in case management but missing from workflow tracker; routing and rework fields cannot be populated.,Data Steward,Open,2026-06-30,
EX-00114,DQ-02,APL-2026-000756,High,Appeal present in case management but missing from workflow tracker; routing and rework fields cannot be populated.,Data Steward,Open,2026-06-30,
EX-00115,DQ-02,APL-2026-000250,High,Appeal present in case management but missing from workflow tracker; routing and rework fields cannot be populated.,Data Steward,Open,2026-06-30,
EX-00116,DQ-02,APL-2026-004265,High,Appeal present in case management but missing from workflow tracker; routing and rework fields cannot be populated.,Data Steward,Open,2026-06-30,
EX-00117,DQ-02,APL-2026-004873,High,Appeal present in case management but missing from workflow tracker; routing and rework fields cannot be populated.,Data Steward,Open,2026-06-30,
EX-00118,DQ-02,APL-2026-002315,High,Appeal present in case management but missing from workflow tracker; routing and rework fields cannot be populated.,Data Steward,Open,2026-06-30,
EX-00119,DQ-02,APL-2026-002549,High,Appeal present in case management but missing from workflow tracker; routing and rework fields cannot be populated.,Data Steward,Open,2026-06-30,
EX-00120,DQ-02,APL-2026-002537,High,Appeal present in case management but missing from workflow tracker; routing and rework fields cannot be populated.,Data Steward,Open,2026-06-30,
EX-00121,DQ-02,APL-2026-005202,High,Appeal present in case management but missing from workflow tracker; routing and rework fields cannot be populated.,Data Steward,Open,2026-06-30,
EX-00122,DQ-02,APL-2026-003533,High,Appeal present in case management but missing from workflow tracker; routing and rework fields cannot be populated.,Data Steward,Open,2026-06-30,
EX-00123,DQ-02,APL-2026-005921,High,Appeal present in case management but missing from workflow tracker; routing and rework fields cannot be populated.,Data Steward,Open,2026-06-30,
EX-00124,DQ-03,APL-2026-003893,High,Status disagrees between case management and workflow tracker. Case management is authoritative per the source-of-truth policy.,Appeals Ops Manager,Open,2026-06-30,
EX-00125,DQ-03,APL-2026-000582,High,Status disagrees between case management and workflow tracker. Case management is authoritative per the source-of-truth policy.,Appeals Ops Manager,Open,2026-06-30,
EX-00126,DQ-03,APL-2026-004408,High,Status disagrees between case management and workflow tracker. Case management is authoritative per the source-of-truth policy.,Appeals Ops Manager,Open,2026-06-30,
EX-00127,DQ-03,APL-2026-000630,High,Status disagrees between case management and workflow tracker. Case management is authoritative per the source-of-truth policy.,Appeals Ops Manager,Open,2026-06-30,
EX-00128,DQ-03,APL-2026-001927,High,Status disagrees between case management and workflow tracker. Case management is authoritative per the source-of-truth policy.,Appeals Ops Manager,Open,2026-06-30,
EX-00129,DQ-03,APL-2026-005256,High,Status disagrees between case management and workflow tracker. Case management is authoritative per the source-of-truth policy.,Appeals Ops Manager,Open,2026-06-30,
EX-00130,DQ-03,APL-2026-000172,High,Status disagrees between case management and workflow tracker. Case management is authoritative per the source-of-truth policy.,Appeals Ops Manager,Open,2026-06-30,
EX-00131,DQ-03,APL-2026-002525,High,Status disagrees between case management and workflow tracker. Case management is authoritative per the source-of-truth policy.,Appeals Ops Manager,Open,2026-06-30,
EX-00132,DQ-03,APL-2026-001586,High,Status disagrees between case management and workflow tracker. Case management is authoritative per the source-of-truth policy.,Appeals Ops Manager,Open,2026-06-30,
EX-00133,DQ-03,APL-2026-000689,High,Status disagrees between case management and workflow tracker. Case management is authoritative per the source-of-truth policy.,Appeals Ops Manager,Open,2026-06-30,
EX-00134,DQ-03,APL-2026-001169,High,Status disagrees between case management and workflow tracker. Case management is authoritative per the source-of-truth policy.,Appeals Ops Manager,Open,2026-06-30,
EX-00135,DQ-03,APL-2026-001022,High,Status disagrees between case management and workflow tracker. Case management is authoritative per the source-of-truth policy.,Appeals Ops Manager,Open,2026-06-30,
EX-00136,DQ-03,APL-2026-005126,High,Status disagrees between case management and workflow tracker. Case management is authoritative per the source-of-truth policy.,Appeals Ops Manager,Open,2026-06-30,
EX-00137,DQ-03,APL-2026-003336,High,Status disagrees between case management and workflow tracker. Case management is authoritative per the source-of-truth policy.,Appeals Ops Manager,Open,2026-06-30,
EX-00138,DQ-03,APL-2026-003938,High,Status disagrees between case management and workflow tracker. Case management is authoritative per the source-of-truth policy.,Appeals Ops Manager,Open,2026-06-30,
EX-00139,DQ-03,APL-2026-003320,High,Status disagrees between case management and workflow tracker. Case management is authoritative per the source-of-truth policy.,Appeals Ops Manager,Open,2026-06-30,
EX-00140,DQ-03,APL-2026-003540,High,Status disagrees between case management and workflow tracker. Case management is authoritative per the source-of-truth policy.,Appeals Ops Manager,Open,2026-06-30,
EX-00141,DQ-03,APL-2026-005203,High,Status disagrees between case management and workflow tracker. Case management is authoritative per the source-of-truth policy.,Appeals Ops Manager,Open,2026-06-30,
EX-00142,DQ-03,APL-2026-005914,High,Status disagrees between case management and workflow tracker. Case management is authoritative per the source-of-truth policy.,Appeals Ops Manager,Open,2026-06-30,
EX-00143,DQ-03,APL-2026-004266,High,Status disagrees between case management and workflow tracker. Case management is authoritative per the source-of-truth policy.,Appeals Ops Manager,Open,2026-06-30,
EX-00144,DQ-03,APL-2026-002441,High,Status disagrees between case management and workflow tracker. Case management is authoritative per the source-of-truth policy.,Appeals Ops Manager,Open,2026-06-30,
EX-00145,DQ-03,APL-2026-005679,High,Status disagrees between case management and workflow tracker. Case management is authoritative per the source-of-truth policy.,Appeals Ops Manager,Open,2026-06-30,
EX-00146,DQ-03,APL-2026-002112,High,Status disagrees between case management and workflow tracker. Case management is authoritative per the source-of-truth policy.,Appeals Ops Manager,Open,2026-06-30,
EX-00147,DQ-03,APL-2026-004756,High,Status disagrees between case management and workflow tracker. Case management is authoritative per the source-of-truth policy.,Appeals Ops Manager,Open,2026-06-30,
EX-00148,DQ-03,APL-2026-003594,High,Status disagrees between case management and workflow tracker. Case management is authoritative per the source-of-truth policy.,Appeals Ops Manager,Open,2026-06-30,
EX-00149,DQ-03,APL-2026-005044,High,Status disagrees between case management and workflow tracker. Case management is authoritative per the source-of-truth policy.,Appeals Ops Manager,Open,2026-06-30,
EX-00150,DQ-03,APL-2026-003573,High,Status disagrees between case management and workflow tracker. Case management is authoritative per the source-of-truth policy.,Appeals Ops Manager,Open,2026-06-30,
EX-00151,DQ-03,APL-2026-000707,High,Status disagrees between case management and workflow tracker. Case management is authoritative per the source-of-truth policy.,Appeals Ops Manager,Open,2026-06-30,
EX-00152,DQ-03,APL-2026-004668,High,Status disagrees between case management and workflow tracker. Case management is authoritative per the source-of-truth policy.,Appeals Ops Manager,Open,2026-06-30,
EX-00153,DQ-03,APL-2026-002066,High,Status disagrees between case management and workflow tracker. Case management is authoritative per the source-of-truth policy.,Appeals Ops Manager,Open,2026-06-30,
EX-00154,DQ-03,APL-2026-002270,High,Status disagrees between case management and workflow tracker. Case management is authoritative per the source-of-truth policy.,Appeals Ops Manager,Open,2026-06-30,
EX-00155,DQ-03,APL-2026-005461,High,Status disagrees between case management and workflow tracker. Case management is authoritative per the source-of-truth policy.,Appeals Ops Manager,Open,2026-06-30,
EX-00156,DQ-03,APL-2026-001068,High,Status disagrees between case management and workflow tracker. Case management is authoritative per the source-of-truth policy.,Appeals Ops Manager,Open,2026-06-30,
EX-00157,DQ-03,APL-2026-001689,High,Status disagrees between case management and workflow tracker. Case management is authoritative per the source-of-truth policy.,Appeals Ops Manager,Open,2026-06-30,
EX-00158,DQ-03,APL-2026-003455,High,Status disagrees between case management and workflow tracker. Case management is authoritative per the source-of-truth policy.,Appeals Ops Manager,Open,2026-06-30,
EX-00159,DQ-03,APL-2026-001139,High,Status disagrees between case management and workflow tracker. Case management is authoritative per the source-of-truth policy.,Appeals Ops Manager,Open,2026-06-30,
EX-00160,DQ-03,APL-2026-005111,High,Status disagrees between case management and workflow tracker. Case management is authoritative per the source-of-truth policy.,Appeals Ops Manager,Open,2026-06-30,
EX-00161,DQ-03,APL-2026-001004,High,Status disagrees between case management and workflow tracker. Case management is authoritative per the source-of-truth policy.,Appeals Ops Manager,Open,2026-06-30,
EX-00162,DQ-03,APL-2026-004398,High,Status disagrees between case management and workflow tracker. Case management is authoritative per the source-of-truth policy.,Appeals Ops Manager,Open,2026-06-30,
EX-00163,DQ-03,APL-2026-000565,High,Status disagrees between case management and workflow tracker. Case management is authoritative per the source-of-truth policy.,Appeals Ops Manager,Open,2026-06-30,
EX-00164,DQ-03,APL-2026-005691,High,Status disagrees between case management and workflow tracker. Case management is authoritative per the source-of-truth policy.,Appeals Ops Manager,Open,2026-06-30,
EX-00165,DQ-03,APL-2026-003132,High,Status disagrees between case management and workflow tracker. Case management is authoritative per the source-of-truth policy.,Appeals Ops Manager,Open,2026-06-30,
EX-00166,DQ-03,APL-2026-002927,High,Status disagrees between case management and workflow tracker. Case management is authoritative per the source-of-truth policy.,Appeals Ops Manager,Open,2026-06-30,
EX-00167,DQ-03,APL-2026-005747,High,Status disagrees between case management and workflow tracker. Case management is authoritative per the source-of-truth policy.,Appeals Ops Manager,Open,2026-06-30,
EX-00168,DQ-03,APL-2026-005901,High,Status disagrees between case management and workflow tracker. Case management is authoritative per the source-of-truth policy.,Appeals Ops Manager,Open,2026-06-30,
EX-00169,DQ-03,APL-2026-000035,High,Status disagrees between case management and workflow tracker. Case management is authoritative per the source-of-truth policy.,Appeals Ops Manager,Open,2026-06-30,
EX-00170,DQ-03,APL-2026-004425,High,Status disagrees between case management and workflow tracker. Case management is authoritative per the source-of-truth policy.,Appeals Ops Manager,Open,2026-06-30,
EX-00171,DQ-03,APL-2026-000736,High,Status disagrees between case management and workflow tracker. Case management is authoritative per the source-of-truth policy.,Appeals Ops Manager,Open,2026-06-30,
EX-00172,DQ-03,APL-2026-003038,High,Status disagrees between case management and workflow tracker. Case management is authoritative per the source-of-truth policy.,Appeals Ops Manager,Open,2026-06-30,
EX-00173,DQ-03,APL-2026-003154,High,Status disagrees between case management and workflow tracker. Case management is authoritative per the source-of-truth policy.,Appeals Ops Manager,Open,2026-06-30,
EX-00174,DQ-03,APL-2026-005982,High,Status disagrees between case management and workflow tracker. Case management is authoritative per the source-of-truth policy.,Appeals Ops Manager,Open,2026-06-30,
EX-00175,DQ-03,APL-2026-005448,High,Status disagrees between case management and workflow tracker. Case management is authoritative per the source-of-truth policy.,Appeals Ops Manager,Open,2026-06-30,
EX-00176,DQ-03,APL-2026-004905,High,Status disagrees between case management and workflow tracker. Case management is authoritative per the source-of-truth policy.,Appeals Ops Manager,Open,2026-06-30,
EX-00177,DQ-03,APL-2026-002591,High,Status disagrees between case management and workflow tracker. Case management is authoritative per the source-of-truth policy.,Appeals Ops Manager,Open,2026-06-30,
EX-00178,DQ-03,APL-2026-002863,High,Status disagrees between case management and workflow tracker. Case management is authoritative per the source-of-truth policy.,Appeals Ops Manager,Open,2026-06-30,
EX-00179,DQ-03,APL-2026-000018,High,Status disagrees between case management and workflow tracker. Case management is authoritative per the source-of-truth policy.,Appeals Ops Manager,Open,2026-06-30,
EX-00180,DQ-03,APL-2026-001507,High,Status disagrees between case management and workflow tracker. Case management is authoritative per the source-of-truth policy.,Appeals Ops Manager,Open,2026-06-30,
EX-00181,DQ-03,APL-2026-000843,High,Status disagrees between case management and workflow tracker. Case management is authoritative per the source-of-truth policy.,Appeals Ops Manager,Open,2026-06-30,
EX-00182,DQ-03,APL-2026-005029,High,Status disagrees between case management and workflow tracker. Case management is authoritative per the source-of-truth policy.,Appeals Ops Manager,Open,2026-06-30,
EX-00183,DQ-03,APL-2026-001503,High,Status disagrees between case management and workflow tracker. Case management is authoritative per the source-of-truth policy.,Appeals Ops Manager,Open,2026-06-30,
EX-00184,DQ-03,APL-2026-000906,High,Status disagrees between case management and workflow tracker. Case management is authoritative per the source-of-truth policy.,Appeals Ops Manager,Open,2026-06-30,
EX-00185,DQ-03,APL-2026-000026,High,Status disagrees between case management and workflow tracker. Case management is authoritative per the source-of-truth policy.,Appeals Ops Manager,Open,2026-06-30,
EX-00186,DQ-03,APL-2026-002422,High,Status disagrees between case management and workflow tracker. Case management is authoritative per the source-of-truth policy.,Appeals Ops Manager,Open,2026-06-30,
EX-00187,DQ-03,APL-2026-002182,High,Status disagrees between case management and workflow tracker. Case management is authoritative per the source-of-truth policy.,Appeals Ops Manager,Open,2026-06-30,
EX-00188,DQ-03,APL-2026-003959,High,Status disagrees between case management and workflow tracker. Case management is authoritative per the source-of-truth policy.,Appeals Ops Manager,Open,2026-06-30,
EX-00189,DQ-03,APL-2026-002626,High,Status disagrees between case management and workflow tracker. Case management is authoritative per the source-of-truth policy.,Appeals Ops Manager,Open,2026-06-30,
EX-00190,DQ-03,APL-2026-003998,High,Status disagrees between case management and workflow tracker. Case management is authoritative per the source-of-truth policy.,Appeals Ops Manager,Open,2026-06-30,
EX-00191,DQ-03,APL-2026-005218,High,Status disagrees between case management and workflow tracker. Case management is authoritative per the source-of-truth policy.,Appeals Ops Manager,Open,2026-06-30,
EX-00192,DQ-03,APL-2026-004702,High,Status disagrees between case management and workflow tracker. Case management is authoritative per the source-of-truth policy.,Appeals Ops Manager,Open,2026-06-30,
EX-00193,DQ-03,APL-2026-002261,High,Status disagrees between case management and workflow tracker. Case management is authoritative per the source-of-truth policy.,Appeals Ops Manager,Open,2026-06-30,
EX-00194,DQ-03,APL-2026-005460,High,Status disagrees between case management and workflow tracker. Case management is authoritative per the source-of-truth policy.,Appeals Ops Manager,Open,2026-06-30,
EX-00195,DQ-03,APL-2026-000305,High,Status disagrees between case management and workflow tracker. Case management is authoritative per the source-of-truth policy.,Appeals Ops Manager,Open,2026-06-30,
EX-00196,DQ-03,APL-2026-003405,High,Status disagrees between case management and workflow tracker. Case management is authoritative per the source-of-truth policy.,Appeals Ops Manager,Open,2026-06-30,
EX-00197,DQ-03,APL-2026-001794,High,Status disagrees between case management and workflow tracker. Case management is authoritative per the source-of-truth policy.,Appeals Ops Manager,Open,2026-06-30,
EX-00198,DQ-03,APL-2026-000301,High,Status disagrees between case management and workflow tracker. Case management is authoritative per the source-of-truth policy.,Appeals Ops Manager,Open,2026-06-30,
EX-00199,DQ-03,APL-2026-005041,High,Status disagrees between case management and workflow tracker. Case management is authoritative per the source-of-truth policy.,Appeals Ops Manager,Open,2026-06-30,
EX-00200,DQ-03,APL-2026-001078,High,Status disagrees between case management and workflow tracker. Case management is authoritative per the source-of-truth policy.,Appeals Ops Manager,Open,2026-06-30,
EX-00201,DQ-03,APL-2026-000772,High,Status disagrees between case management and workflow tracker. Case management is authoritative per the source-of-truth policy.,Appeals Ops Manager,Open,2026-06-30,
EX-00202,DQ-03,APL-2026-005905,High,Status disagrees between case management and workflow tracker. Case management is authoritative per the source-of-truth policy.,Appeals Ops Manager,Open,2026-06-30,
EX-00203,DQ-03,APL-2026-004567,High,Status disagrees between case management and workflow tracker. Case management is authoritative per the source-of-truth policy.,Appeals Ops Manager,Open,2026-06-30,
EX-00204,DQ-03,APL-2026-001935,High,Status disagrees between case management and workflow tracker. Case management is authoritative per the source-of-truth policy.,Appeals Ops Manager,Open,2026-06-30,
EX-00205,DQ-03,APL-2026-003429,High,Status disagrees between case management and workflow tracker. Case management is authoritative per the source-of-truth policy.,Appeals Ops Manager,Open,2026-06-30,
EX-00206,DQ-03,APL-2026-001259,High,Status disagrees between case management and workflow tracker. Case management is authoritative per the source-of-truth policy.,Appeals Ops Manager,Open,2026-06-30,
EX-00207,DQ-03,APL-2026-002534,High,Status disagrees between case management and workflow tracker. Case management is authoritative per the source-of-truth policy.,Appeals Ops Manager,Open,2026-06-30,
EX-00208,DQ-03,APL-2026-005009,High,Status disagrees between case management and workflow tracker. Case management is authoritative per the source-of-truth policy.,Appeals Ops Manager,Open,2026-06-30,
EX-00209,DQ-03,APL-2026-001027,High,Status disagrees between case management and workflow tracker. Case management is authoritative per the source-of-truth policy.,Appeals Ops Manager,Open,2026-06-30,
EX-00210,DQ-03,APL-2026-004356,High,Status disagrees between case management and workflow tracker. Case management is authoritative per the source-of-truth policy.,Appeals Ops Manager,Open,2026-06-30,
EX-00211,DQ-03,APL-2026-003564,High,Status disagrees between case management and workflow tracker. Case management is authoritative per the source-of-truth policy.,Appeals Ops Manager,Open,2026-06-30,
EX-00212,DQ-03,APL-2026-000010,High,Status disagrees between case management and workflow tracker. Case management is authoritative per the source-of-truth policy.,Appeals Ops Manager,Open,2026-06-30,
EX-00213,DQ-03,APL-2026-002471,High,Status disagrees between case management and workflow tracker. Case management is authoritative per the source-of-truth policy.,Appeals Ops Manager,Open,2026-06-30,
EX-00214,DQ-13,APL-2026-005841,Medium,Rework_Flag missing for a closed appeal.,Quality Lead,Open,2026-06-30,
EX-00215,DQ-13,APL-2026-000031,Medium,Rework_Flag missing for a closed appeal.,Quality Lead,Open,2026-06-30,
EX-00216,DQ-13,APL-2026-000816,Medium,Rework_Flag missing for a closed appeal.,Quality Lead,Open,2026-06-30,
EX-00217,DQ-13,APL-2026-005611,Medium,Rework_Flag missing for a closed appeal.,Quality Lead,Open,2026-06-30,
EX-00218,DQ-13,APL-2026-001283,Medium,Rework_Flag missing for a closed appeal.,Quality Lead,Open,2026-06-30,
EX-00219,DQ-13,APL-2026-004877,Medium,Rework_Flag missing for a closed appeal.,Quality Lead,Open,2026-06-30,
EX-00220,DQ-13,APL-2026-002403,Medium,Rework_Flag missing for a closed appeal.,Quality Lead,Open,2026-06-30,
EX-00221,DQ-13,APL-2026-003277,Medium,Rework_Flag missing for a closed appeal.,Quality Lead,Open,2026-06-30,
EX-00222,DQ-13,APL-2026-004365,Medium,Rework_Flag missing for a closed appeal.,Quality Lead,Open,2026-06-30,
EX-00223,DQ-13,APL-2026-001171,Medium,Rework_Flag missing for a closed appeal.,Quality Lead,Open,2026-06-30,
EX-00224,DQ-13,APL-2026-005699,Medium,Rework_Flag missing for a closed appeal.,Quality Lead,Open,2026-06-30,
EX-00225,DQ-13,APL-2026-001868,Medium,Rework_Flag missing for a closed appeal.,Quality Lead,Open,2026-06-30,
EX-00226,DQ-13,APL-2026-005184,Medium,Rework_Flag missing for a closed appeal.,Quality Lead,Open,2026-06-30,
EX-00227,DQ-13,APL-2026-001073,Medium,Rework_Flag missing for a closed appeal.,Quality Lead,Open,2026-06-30,
EX-00228,DQ-13,APL-2026-001805,Medium,Rework_Flag missing for a closed appeal.,Quality Lead,Open,2026-06-30,
EX-00229,DQ-13,APL-2026-004138,Medium,Rework_Flag missing for a closed appeal.,Quality Lead,Open,2026-06-30,
EX-00230,DQ-13,APL-2026-005797,Medium,Rework_Flag missing for a closed appeal.,Quality Lead,Open,2026-06-30,
EX-00231,DQ-13,APL-2026-002036,Medium,Rework_Flag missing for a closed appeal.,Quality Lead,Open,2026-06-30,
EX-00232,DQ-13,APL-2026-000192,Medium,Rework_Flag missing for a closed appeal.,Quality Lead,Open,2026-06-30,
EX-00233,DQ-13,APL-2026-001554,Medium,Rework_Flag missing for a closed appeal.,Quality Lead,Open,2026-06-30,
EX-00234,DQ-13,APL-2026-000262,Medium,Rework_Flag missing for a closed appeal.,Quality Lead,Open,2026-06-30,
EX-00235,DQ-13,APL-2026-004895,Medium,Rework_Flag missing for a closed appeal.,Quality Lead,Open,2026-06-30,
EX-00236,DQ-13,APL-2026-003088,Medium,Rework_Flag missing for a closed appeal.,Quality Lead,Open,2026-06-30,
EX-00237,DQ-13,APL-2026-003262,Medium,Rework_Flag missing for a closed appeal.,Quality Lead,Open,2026-06-30,
EX-00238,DQ-13,APL-2026-004598,Medium,Rework_Flag missing for a closed appeal.,Quality Lead,Open,2026-06-30,
EX-00239,DQ-13,APL-2026-001985,Medium,Rework_Flag missing for a closed appeal.,Quality Lead,Open,2026-06-30,
EX-00240,DQ-13,APL-2026-004746,Medium,Rework_Flag missing for a closed appeal.,Quality Lead,Open,2026-06-30,
EX-00241,DQ-13,APL-2026-005032,Medium,Rework_Flag missing for a closed appeal.,Quality Lead,Open,2026-06-30,
EX-00242,DQ-13,APL-2026-002657,Medium,Rework_Flag missing for a closed appeal.,Quality Lead,Open,2026-06-30,
EX-00243,DQ-13,APL-2026-002031,Medium,Rework_Flag missing for a closed appeal.,Quality Lead,Open,2026-06-30,
EX-00244,DQ-13,APL-2026-003403,Medium,Rework_Flag missing for a closed appeal.,Quality Lead,Open,2026-06-30,
EX-00245,DQ-13,APL-2026-003689,Medium,Rework_Flag missing for a closed appeal.,Quality Lead,Open,2026-06-30,
EX-00246,DQ-13,APL-2026-001564,Medium,Rework_Flag missing for a closed appeal.,Quality Lead,Open,2026-06-30,
EX-00247,DQ-13,APL-2026-003874,Medium,Rework_Flag missing for a closed appeal.,Quality Lead,Open,2026-06-30,
EX-00248,DQ-13,APL-2026-005749,Medium,Rework_Flag missing for a closed appeal.,Quality Lead,Open,2026-06-30,
EX-00249,DQ-13,APL-2026-005435,Medium,Rework_Flag missing for a closed appeal.,Quality Lead,Open,2026-06-30,
EX-00250,DQ-13,APL-2026-004545,Medium,Rework_Flag missing for a closed appeal.,Quality Lead,Open,2026-06-30,
EX-00251,DQ-13,APL-2026-000154,Medium,Rework_Flag missing for a closed appeal.,Quality Lead,Open,2026-06-30,
EX-00252,DQ-13,APL-2026-000048,Medium,Rework_Flag missing for a closed appeal.,Quality Lead,Open,2026-06-30,
EX-00253,DQ-13,APL-2026-004033,Medium,Rework_Flag missing for a closed appeal.,Quality Lead,Open,2026-06-30,
EX-00254,DQ-13,APL-2026-000337,Medium,Rework_Flag missing for a closed appeal.,Quality Lead,Open,2026-06-30,
EX-00255,DQ-13,APL-2026-001617,Medium,Rework_Flag missing for a closed appeal.,Quality Lead,Open,2026-06-30,
EX-00256,DQ-13,APL-2026-003995,Medium,Rework_Flag missing for a closed appeal.,Quality Lead,Open,2026-06-30,
EX-00257,DQ-13,APL-2026-002298,Medium,Rework_Flag missing for a closed appeal.,Quality Lead,Open,2026-06-30,
EX-00258,DQ-13,APL-2026-005620,Medium,Rework_Flag missing for a closed appeal.,Quality Lead,Open,2026-06-30,
EX-00259,DQ-13,APL-2026-004907,Medium,Rework_Flag missing for a closed appeal.,Quality Lead,Open,2026-06-30,
EX-00260,DQ-13,APL-2026-004798,Medium,Rework_Flag missing for a closed appeal.,Quality Lead,Open,2026-06-30,
EX-00261,DQ-13,APL-2026-005549,Medium,Rework_Flag missing for a closed appeal.,Quality Lead,Open,2026-06-30,
EX-00262,DQ-13,APL-2026-003625,Medium,Rework_Flag missing for a closed appeal.,Quality Lead,Open,2026-06-30,
EX-00263,DQ-13,APL-2026-001184,Medium,Rework_Flag missing for a closed appeal.,Quality Lead,Open,2026-06-30,
EX-00264,DQ-13,APL-2026-000542,Medium,Rework_Flag missing for a closed appeal.,Quality Lead,Open,2026-06-30,
EX-00265,DQ-13,APL-2026-000756,Medium,Rework_Flag missing for a closed appeal.,Quality Lead,Open,2026-06-30,
EX-00266,DQ-13,APL-2026-000250,Medium,Rework_Flag missing for a closed appeal.,Quality Lead,Open,2026-06-30,
EX-00267,DQ-13,APL-2026-004265,Medium,Rework_Flag missing for a closed appeal.,Quality Lead,Open,2026-06-30,
EX-00268,DQ-13,APL-2026-004873,Medium,Rework_Flag missing for a closed appeal.,Quality Lead,Open,2026-06-30,
EX-00269,DQ-13,APL-2026-002315,Medium,Rework_Flag missing for a closed appeal.,Quality Lead,Open,2026-06-30,
EX-00270,DQ-13,APL-2026-002537,Medium,Rework_Flag missing for a closed appeal.,Quality Lead,Open,2026-06-30,
EX-00271,DQ-13,APL-2026-005202,Medium,Rework_Flag missing for a closed appeal.,Quality Lead,Open,2026-06-30,
EX-00272,DQ-13,APL-2026-005921,Medium,Rework_Flag missing for a closed appeal.,Quality Lead,Open,2026-06-30,
EX-00273,DQ-15,leadership_extract,Critical,Leadership extract is 113 hours old (4.7 days). Any KPI sourced from it cannot be certified.,IT / Data Engineering,Open,2026-06-30,
